<annotation>
	<folder>images</folder>
	<filename>dell_018.jpg</filename>
	<path>C:\Users\user\Desktop\files\dell_logos\images\dell_018.jpg</path>
	<source>
		<database>Unknown</database>
	</source>
	<size>
		<width>750</width>
		<height>473</height>
		<depth>3</depth>
	</size>
	<segmented>0</segmented>
	<object>
		<name>dell</name>
		<pose>Unspecified</pose>
		<truncated>0</truncated>
		<difficult>0</difficult>
		<bndbox>
			<xmin>284</xmin>
			<ymin>161</ymin>
			<xmax>343</xmax>
			<ymax>214</ymax>
		</bndbox>
	</object>
</annotation>
